,Chromosome Position,Previously Reported SNP,Nucleotide Change (NM_194293.2),MAF,Amino Acid Change (XP_005264966.1),Polyphen Analysis,SIFT Analysis,Species Conservation,,,,,,,,,,,,,,,,
,"Chr3:39,225,401 (Intron)",rs201019991,c.*4C>T,0.10%,Intron Variant,N/A,N/A,0.36,,,,,,,,,,,,,,,,
,"Chr3:39,225,522 (Coding Exon)",rs34038740,c.5415C>G,0.95%,p.Leu1805=,N/A,N/A,-0.54,,,,,,,,,,,,,,,,
,"Chr3:39,225,549 (Coding Exon)",rs36091974,c.5388C>G,2.41%,p.Pro1796=,N/A,N/A,-0.54,,,,,,,,,,,,,,,,
,"Chr3:39,225,585 (Coding Exon)",rs146284335,c.5352G>A,0.38%,p.Met1784Ile,Benign,Neutral,-2.22,,,,,,,,,,,,,,,,
,"Chr3:39,225,635 (Coding Exon)",rs111243567,c.5302G>A,0.40%,p.Val1768Met,Possibly Damaging,Tolerated,1.65,,,,,,,,,,,,,,,,
,"Chr3:39,225,752 (Coding Exon)",rs61736128,c.5185G>C,10.30%,p.Val1729Leu,Benign,Tolerated,-0.15,,,,,,,,,,,,,,,,
,"Chr3:39,225,767 (Coding Exon)",rs9827576,c.5170A>G,1.75%,p.Ile1724Val,Benign,Tolerated,1.65,,,,,,,,,,,,,,,,
,"Chr3:39,225,816 (Coding Exon)",rs34053674,c.5121G>T,1.79%,p.Gln1707His,Benign,Tolerated,-0.28,,,,,,,,,,,,,,,,
,"Chr3:39,225,909 (Coding Exon)",rs367702095,c.5028G>A,?,p.Gln1676=,N/A,N/A,-0.03,,,,,,,,,,,,,,,,
,"Chr3:39,225,943 (Coding Exon)",rs76791312,c.4994A>G,0.54%,p.Asp1665Gly,Benign,Tolerated,1.45,,,,,,,,,,,,,,,,
,"Chr3:39,226,114 (Coding Exon)",rs34810344,c.4823C>T,9.14%,p.Ala1608Val,Benign,Tolerated,-0.17,,,,,,,,,,,,,,,,
,"Chr3:39,226,127 (Coding Exon)",rs3732383,c.G4810A,13%,p.Gly1604Arg,Benign,Tolerated,-0.17,,,,,,,,,,,,,,,,
,"Chr3:39,226,336 (Coding Exon)",rs145034699,c.4601C>T,0.09%,p.Thr1534Met,Benign,N/A,2.53,,,,,,,,,,,,,,,,
,"Chr3:39,226,436 (Coding Exon)",rs58805228,c.4501G>A,10.30%,p.Val1501Met,Possibly Damaging,Tolerated,2.66,,,,,,,,,,,,,,,,
,"Chr3:39,226,437 (Coding Exon)",rs61742554,c.4500C>T,0.74%,p.Ala1500=,N/A,N/A,-0.03,,,,,,,,,,,,,,,,
,"Chr3:39,226,482 (Coding Exon)",rs149700763,c.4455C>T,0.70%,p.Ala1485=,N/A,N/A,-3.40,,,,,,,,,,,,,,,,
,"Chr3:39,226,610 (Coding Exon)",rs75731397,c.4327G>A,4.11%,p.Gly1443Ser,Benign,Tolerated,-1.11,,,,,,,,,,,,,,,,
,"Chr3:39,227,657 (Coding Exon)",rs560669112,c.3280C>T,?,p.Arg1094Trp,Benign,N/A,0.85,,,,,,,,,,,,,,,,
,"Chr3:39,227,664 (Coding Exon)",rs61736155,c.3273C>T,N/A,p.Asp1091=,N/A,N/A,-1.51,,,,,,,,,,,,,,,,
,"Chr3:39,228,043 (Coding Exon)",rs11711871,c.2894A>C,10%,p.His965Pro,Benign,Tolerated,0.24,,,,,,,,,,,,,,,,
,"Chr3:39,228,361 (Coding Exon)",rs150942268,c.2576C>T,0.32%,p.Pro859Leu,Possibly Damaging,Damaging,3.81,,,,,,,,,,,,,,,,
,"Chr3:39,228,772 (Coding Exon)",rs61736153,c.2165C>T,1.30%,p.Ala722Val,Benign,Tolerated,-0.71,,,,,,,,,,,,,,,,
,"Chr3:39,229,011 (Coding Exon)",rs74827471,c.1926G>A,0.38%,p.Arg642=,N/A,N/A,0.16,,,,,,,,,,,,,,,,
,"Chr3:39,229,044 (Coding Exon)",rs11129816,c.1893G>A,3.09%,p.Lys631=,N/A,N/A,-0.29,,,,,,,,,,,,,,,,
,"Chr3:39,229,118 (Coding Exon)",rs148879455,c.1819G>T,0.074%,p.Ala607Ser,Possibly Damaging,Not found,1.41,,,,,,,,,,,,,,,,
,"Chr3:39,229,195 (Coding Exon)",previously undescribed SNP,c.1742C>T,,p.Pro581Arg,Benign,N/A,1.41,,,,,,,,,,,,,,,,
,"Chr3:39,229,196 (Coding Exon)",rs61736135,c.1741C>A,0.40%,p.Pro581Thr,Benign,Tolerated,0.05,,,,,,,,,,,,,,,,
,"Chr3:39,229,269 (Coding Exon)",previously undescribed SNP,,N/A,p.Thr556=,N/A,N/A,-2.91,,,,,,,,,,,,,,,,
,"Chr3:39,229,285 (Coding Exon)",rs34121641,c.1652G>A,0.66%,p.Arg551Gln,Probably Damaging,Damaging,4.6,,,,,,,,,,,,,,,,
,"Chr3:39,229,371 (Coding Exon)",previously unidentified SNP,c.1566C>T,,p.Asp522=,N/A,N/A,1.75,,,,,,,,,,,,,,,,
,"Chr3:39,229,393 (Coding Exon)",Previously Unreported SNP,c.1544T>C,,p.Met515Ile,N/A,N/A,7.09,,,,,,,,,,,,,,,,
,"Chr3:39,230,202 (Coding Exon)",previously undescribed SNP,,N/A,p.Asp245=,N/A,N/A,-0.28,,,,,,,,,,,,,,,,
,"Chr3:39,230,320 (Coding Exon)",rs149500349,c.617G>A,0.16%,p.Arg206His,Probably Damaging,N/A,2.46,,,,,,,,,,,,,,,,
,"Chr3:39,230,393 (Coding Exon)",rs140194759,c.544C>A,0.10%,p.Pro182Thr,Probably Damaging,Deleterious -3.273,5.20,,,,,,,,,,,,,,,,
,"Chr3:39,230,439 (Coding Exon)",rs115099187,c.498C>T,1.94%,p.Asp166=,N/A,N/A,0.15,,,,,,,,,,,,,,,,
,"Chr3:39,230,607 (Coding Exon)",rs146075058,c.330G>C,0.08%,p.Glu110Asp,Benign,N/A,0.44,,,,,,,,,,,,,,,,
,"Chr3:39,230,610 (Coding Exon)",rs80147433,c.327C>T,3.01%,p.His109=,N/A,N/A,-0.28,,,,,,,,,,,,,,,,
,"Chr3:39,230,715 (Coding Exon)",rs138097055,c.222C>T,0.06%,p.Ala74=,N/A,N/A,-1.14,,,,,,,,,,,,,,,,
,"Chr3:39,230,740 (Coding Exon)",rs76384304,c.197G>A,0.50%,p.Arg66His,Probably Damaging,N/A,4.77,,,,,,,,,,,,,,,,
,"Chr3:39,230,773 (Coding Exon)",rs150061276,c.164G>A,0.02%,p.Arg55His,Probably Damaging,N/A,4.62,,,,,,,,,,,,,,,,
,"Chr3:39,230,775 (Coding Exon)",rs114587382,c.162C>A,0.26%,p.Leu54=,N/A,N/A,-1.43,,,,,,,,,,,,,,,,
,,,,,,,,,,,,,,,,,,,,,,,,
,,,,,,,,,,,,,,,,,,,,,,,,
,,,,,,,,,,,,,,,,,,,,,,,,
,,,,,,,,,,,,,,,,,,,,,,,,
,,,,,,,,,,,,,,,,,,,,,,,,
,,,,,,,,,,,,,,,,,,,,,,,,
,,,,,,,,,,,,,,,,,,,,,,,,
,,,,,,,,,,,,,,,,,,,,,,,,
,,,,,,,,,,,,,,,,,,,,,,,,
,,,,,,,,,,,,,,,,,,,,,,,,
,,,,,,,,,,,,,,,,,,,,,,,,
,,,,,,,,,,,,,,,,,,,,,,,,
,,,,,,,,,,,,,,,,,,,,,,,,
,,,,,,,,,,,,,,,,,,,,,,,,
,,,,,,,,,,,,,,,,,,,,,,,,
,,,,,,,,,,,,,,,,,,,,,,,,
,,,,,,,,,,,,,,,,,,,,,,,,
,,,,,,,,,,,,,,,,,,,,,,,,
,,,,,,,,,,,,,,,,,,,,,,,,
,,,,,,,,,,,,,,,,,,,,,,,,
,,,,,,,,,,,,,,,,,,,,,,,,
,,,,,,,,,,,,,,,,,,,,,,,,
,,,,,,,,,,,,,,,,,,,,,,,,
,,,,,,,,,,,,,,,,,,,,,,,,
,,,,,,,,,,,,,,,,,,,,,,,,
,,,,,,,,,,,,,,,,,,,,,,,,
,,,,,,,,,,,,,,,,,,,,,,,,
,,,,,,,,,,,,,,,,,,,,,,,,
,,,,,,,,,,,,,,,,,,,,,,,,
,,,,,,,,,,,,,,,,,,,,,,,,
,,,,,,,,,,,,,,,,,,,,,,,,
,,,,,,,,,,,,,,,,,,,,,,,,
,,,,,,,,,,,,,,,,,,,,,,,,
,,,,,,,,,,,,,,,,,,,,,,,,
,,,,,,,,,,,,,,,,,,,,,,,,
,,,,,,,,,,,,,,,,,,,,,,,,
,,,,,,,,,,,,,,,,,,,,,,,,
,,,,,,,,,,,,,,,,,,,,,,,,
,,,,,,,,,,,,,,,,,,,,,,,,
,,,,,,,,,,,,,,,,,,,,,,,,
,,,,,,,,,,,,,,,,,,,,,,,,
,,,,,,,,,,,,,,,,,,,,,,,,
,,,,,,,,,,,,,,,,,,,,,,,,
,,,,,,,,,,,,,,,,,,,,,,,,
,,,,,,,,,,,,,,,,,,,,,,,,
,,,,,,,,,,,,,,,,,,,,,,,,
,,,,,,,,,,,,,,,,,,,,,,,,
,,,,,,,,,,,,,,,,,,,,,,,,
,,,,,,,,,,,,,,,,,,,,,,,,
,,,,,,,,,,,,,,,,,,,,,,,,
,,,,,,,,,,,,,,,,,,,,,,,,
,,,,,,,,,,,,,,,,,,,,,,,,
,,,,,,,,,,,,,,,,,,,,,,,,
,,,,,,,,,,,,,,,,,,,,,,,,
,,,,,,,,,,,,,,,,,,,,,,,,
,,,,,,,,,,,,,,,,,,,,,,,,
,,,,,,,,,,,,,,,,,,,,,,,,
,,,,,,,,,,,,,,,,,,,,,,,,
,,,,,,,,,,,,,,,,,,,,,,,,
,,,,,,,,,,,,,,,,,,,,,,,,
,,,,,,,,,,,,,,,,,,,,,,,,
,,,,,,,,,,,,,,,,,,,,,,,,
,,,,,,,,,,,,,,,,,,,,,,,,
,,,,,,,,,,,,,,,,,,,,,,,,
,,,,,,,,,,,,,,,,,,,,,,,,
,,,,,,,,,,,,,,,,,,,,,,,,
,,,,,,,,,,,,,,,,,,,,,,,,
,,,,,,,,,,,,,,,,,,,,,,,,
,,,,,,,,,,,,,,,,,,,,,,,,
,,,,,,,,,,,,,,,,,,,,,,,,
,,,,,,,,,,,,,,,,,,,,,,,,
,,,,,,,,,,,,,,,,,,,,,,,,
,,,,,,,,,,,,,,,,,,,,,,,,
,,,,,,,,,,,,,,,,,,,,,,,,
,,,,,,,,,,,,,,,,,,,,,,,,
,,,,,,,,,,,,,,,,,,,,,,,,
,,,,,,,,,,,,,,,,,,,,,,,,
,,,,,,,,,,,,,,,,,,,,,,,,
,,,,,,,,,,,,,,,,,,,,,,,,
,,,,,,,,,,,,,,,,,,,,,,,,
,,,,,,,,,,,,,,,,,,,,,,,,
,,,,,,,,,,,,,,,,,,,,,,,,
,,,,,,,,,,,,,,,,,,,,,,,,
,,,,,,,,,,,,,,,,,,,,,,,,
,,,,,,,,,,,,,,,,,,,,,,,,
,,,,,,,,,,,,,,,,,,,,,,,,
,,,,,,,,,,,,,,,,,,,,,,,,
,,,,,,,,,,,,,,,,,,,,,,,,
,,,,,,,,,,,,,,,,,,,,,,,,
,,,,,,,,,,,,,,,,,,,,,,,,
,,,,,,,,,,,,,,,,,,,,,,,,
,,,,,,,,,,,,,,,,,,,,,,,,
,,,,,,,,,,,,,,,,,,,,,,,,
,,,,,,,,,,,,,,,,,,,,,,,,
,,,,,,,,,,,,,,,,,,,,,,,,
,,,,,,,,,,,,,,,,,,,,,,,,
,,,,,,,,,,,,,,,,,,,,,,,,
,,,,,,,,,,,,,,,,,,,,,,,,
,,,,,,,,,,,,,,,,,,,,,,,,
,,,,,,,,,,,,,,,,,,,,,,,,
,,,,,,,,,,,,,,,,,,,,,,,,
,,,,,,,,,,,,,,,,,,,,,,,,
,,,,,,,,,,,,,,,,,,,,,,,,
,,,,,,,,,,,,,,,,,,,,,,,,
,,,,,,,,,,,,,,,,,,,,,,,,
,,,,,,,,,,,,,,,,,,,,,,,,
,,,,,,,,,,,,,,,,,,,,,,,,
,,,,,,,,,,,,,,,,,,,,,,,,
,,,,,,,,,,,,,,,,,,,,,,,,
,,,,,,,,,,,,,,,,,,,,,,,,
,,,,,,,,,,,,,,,,,,,,,,,,
,,,,,,,,,,,,,,,,,,,,,,,,
,,,,,,,,,,,,,,,,,,,,,,,,
,,,,,,,,,,,,,,,,,,,,,,,,
,,,,,,,,,,,,,,,,,,,,,,,,
,,,,,,,,,,,,,,,,,,,,,,,,
,,,,,,,,,,,,,,,,,,,,,,,,
,,,,,,,,,,,,,,,,,,,,,,,,
,,,,,,,,,,,,,,,,,,,,,,,,
,,,,,,,,,,,,,,,,,,,,,,,,
,,,,,,,,,,,,,,,,,,,,,,,,
,,,,,,,,,,,,,,,,,,,,,,,,
,,,,,,,,,,,,,,,,,,,,,,,,
,,,,,,,,,,,,,,,,,,,,,,,,
,,,,,,,,,,,,,,,,,,,,,,,,
,,,,,,,,,,,,,,,,,,,,,,,,
,,,,,,,,,,,,,,,,,,,,,,,,
,,,,,,,,,,,,,,,,,,,,,,,,
,,,,,,,,,,,,,,,,,,,,,,,,
,,,,,,,,,,,,,,,,,,,,,,,,
,,,,,,,,,,,,,,,,,,,,,,,,
,,,,,,,,,,,,,,,,,,,,,,,,
,,,,,,,,,,,,,,,,,,,,,,,,
,,,,,,,,,,,,,,,,,,,,,,,,
,,,,,,,,,,,,,,,,,,,,,,,,
,,,,,,,,,,,,,,,,,,,,,,,,
,,,,,,,,,,,,,,,,,,,,,,,,
,,,,,,,,,,,,,,,,,,,,,,,,
,,,,,,,,,,,,,,,,,,,,,,,,
,,,,,,,,,,,,,,,,,,,,,,,,
,,,,,,,,,,,,,,,,,,,,,,,,
,,,,,,,,,,,,,,,,,,,,,,,,
,,,,,,,,,,,,,,,,,,,,,,,,
,,,,,,,,,,,,,,,,,,,,,,,,
,,,,,,,,,,,,,,,,,,,,,,,,
,,,,,,,,,,,,,,,,,,,,,,,,
,,,,,,,,,,,,,,,,,,,,,,,,
,,,,,,,,,,,,,,,,,,,,,,,,
,,,,,,,,,,,,,,,,,,,,,,,,
,,,,,,,,,,,,,,,,,,,,,,,,
,,,,,,,,,,,,,,,,,,,,,,,,
,,,,,,,,,,,,,,,,,,,,,,,,
,,,,,,,,,,,,,,,,,,,,,,,,
,,,,,,,,,,,,,,,,,,,,,,,,
,,,,,,,,,,,,,,,,,,,,,,,,
,,,,,,,,,,,,,,,,,,,,,,,,
,,,,,,,,,,,,,,,,,,,,,,,,
,,,,,,,,,,,,,,,,,,,,,,,,
,,,,,,,,,,,,,,,,,,,,,,,,
,,,,,,,,,,,,,,,,,,,,,,,,
,,,,,,,,,,,,,,,,,,,,,,,,
,,,,,,,,,,,,,,,,,,,,,,,,
,,,,,,,,,,,,,,,,,,,,,,,,
,,,,,,,,,,,,,,,,,,,,,,,,
,,,,,,,,,,,,,,,,,,,,,,,,
,,,,,,,,,,,,,,,,,,,,,,,,